Braga;Amares
Braga;Barcelos
Braga;Braga
Braga;Cabeceiras de Basto
Braga;Celorico de Basto
Braga;Esposende
Braga;Fafe
Braga;Guimaraes
Braga;Povoa de Lanhoso
Braga;Terras de Bouro
Braga;Vieira do Minho
Braga;Vila Nova de Famalicao
Braga;Vila Verde
Braga;Vizela
Braganca;Alfandega da Fe
Braganca;Braganca
Braganca;Carrazeda de Ansiaes
Braganca;Freixo Espada a Cinta
Braganca;Macedo de Cavaleiros
Braganca;Miranda do Douro
Braganca;Mirandela
Braganca;Mogadouro
Braganca;Torre de Moncorvo
Braganca;Vila Flor
Braganca;Vimioso
Braganca;Vinhais
Castelo Branco;Belmonte
Castelo Branco;Castelo Branco
Castelo Branco;Covilha
Castelo Branco;Fundao
Castelo Branco;Idanha-a-Nova
Castelo Branco;Oleiros
Castelo Branco;Penamacor
Castelo Branco;Proenca-a-Nova
Castelo Branco;Serta
Castelo Branco;Vila de Rei
Castelo Branco;Vila Velha de Rodao
Coimbra;Arganil
Coimbra;Cantanhede
Coimbra;Coimbra
Coimbra;Condeixa-a-Nova
Coimbra;Figueira da Foz
Coimbra;Gois
Coimbra;Lousa
Coimbra;Mira
Coimbra;Miranda do Corvo
Coimbra;Montemor-o-Velho
Coimbra;Oliveira do Hospital
Coimbra;Pampilhosa da Serra
Coimbra;Penacova
Coimbra;Penela
Coimbra;Soure
Coimbra;Tabua
Coimbra;Vila Nova de Poiares
Evora;Alandroal
Evora;Arraiolos
Evora;Borba
Evora;Estremoz
Evora;Evora
Evora;Montemor-o-Novo
Evora;Mora
Evora;Mourao
Evora;Portel
Evora;Redondo
Evora;Reguengos de Monsaraz
Evora;Vendas Novas
Evora;Viana do Alentejo
Evora;Vila Vicosa
Faro;Albufeira
Faro;Alcoutim
Faro;Aljezur
Faro;Castro Marim
Faro;Faro
Faro;Lagoa (Algarve)
Faro;Lagos
Faro;Loule
Faro;Monchique
Faro;Olhao
Faro;Portimao
Faro;Sao Bras de Alportel
Faro;Silves
Faro;Tavira
Faro;Vila do Bispo
Faro;Vila Real de Santo Antonio
Guarda;Aguiar da Beira
Guarda;Almeida
Guarda;Celorico da Beira
Guarda;Figueira de Castelo Rodrigo
Guarda;Fornos de Algodres
Guarda;Gouveia
Guarda;Guarda
Guarda;Manteigas
Guarda;Meda
Guarda;Pinhel
Guarda;Sabugal
Guarda;Seia
Guarda;Trancoso
Guarda;Vila Nova de Foz Coa
Leiria;Alcobaca
Leiria;Alvaiazere
Leiria;Ansiao
Leiria;Batalha
Leiria;Bombarral
Leiria;Caldas da Rainha
Leiria;Castanheira de Pera
Leiria;Figueiro dos Vinhos
Leiria;Leiria
Leiria;Marinha Grande
Leiria;Nazare
Leiria;Obidos
Leiria;Pedrogao Grande
Leiria;Peniche
Leiria;Pombal
Leiria;Porto de Mos
Lisboa;Alenquer
Lisboa;Arruda dos Vinhos
Lisboa;Azambuja
Lisboa;Cadaval
Lisboa;Cascais
Lisboa;Lisboa
Lisboa;Loures
Lisboa;Lourinha
Lisboa;Mafra
Lisboa;Oeiras
Lisboa;Sintra
Lisboa;Sobral de Monte Agraco
Lisboa;Torres Vedras
Lisboa;Vila Franca de Xira
Lisboa;Amadora
Lisboa;Odivelas
Portalegre;Alter do Chao
Portalegre;Arronches
Portalegre;Avis
Portalegre;Campo Maior
Portalegre;Elvas
Portalegre;Fronteira
Portalegre;Gaviao
Portalegre;Marvao
Portalegre;Monforte
Portalegre;Nisa
Portalegre;Ponte de Sor
Portalegre;Portalegre
Portalegre;Sousel
Portalegre;Castelo de Vide
Portalegre;Crato
Porto;Amarante
Porto;Baiao
Porto;Felgueiras
Porto;Gondomar
Porto;Lousada
Porto;Maia
Porto;Marco de Canaveses
Porto;Matosinhos
Porto;Pacos de Ferreira
Porto;Paredes
Porto;Penafiel
Porto;Porto
Porto;Povoa de Varzim
Porto;Santo Tirso
Porto;Valongo
Porto;Vila do Conde
Porto;Vila Nova de Gaia
Porto;Trofa
Santarem;Abrantes
Santarem;Alcanena
Santarem;Almeirim
Santarem;Alpiarca
Santarem;Benavente
Santarem;Cartaxo
Santarem;Chamusca
Santarem;Constância
Santarem;Coruche
Santarem;Entroncamento
Santarem;Ferreira do Zezere
Santarem;Golega
Santarem;Macao
Santarem;Rio Maior
Santarem;Salvaterra de Magos
Santarem;Santarem
Santarem;Sardoal
Santarem;Tomar
Santarem;Torres Novas
Santarem;Vila Nova da Barquinha
Santarem;Ourem
Setubal;Alcacer do Sal
Setubal;Alcochete
Setubal;Almada
Setubal;Barreiro
Setubal;Grândola
Setubal;Moita
Setubal;Montijo
Setubal;Palmela
Setubal;Santiago do Cacem
Setubal;Seixal
Setubal;Sesimbra
Setubal;Setubal
Setubal;Sines
Viana do Castelo;Arcos de Valdevez
Viana do Castelo;Caminha
Viana do Castelo;Melgaco
Viana do Castelo;Moncao
Viana do Castelo;Paredes de Coura
Viana do Castelo;Ponte da Barca
Viana do Castelo;Ponte de Lima
Viana do Castelo;Valenca
Viana do Castelo;Viana do Castelo
Viana do Castelo;Vila Nova de Cerveira
Vila Real;Alijo
Vila Real;Boticas
Vila Real;Chaves
Vila Real;Mesao Frio
Vila Real;Mondim de Basto
Vila Real;Montalegre
Vila Real;Murca
Vila Real;Peso da Regua
Vila Real;Ribeira de Pena
Vila Real;Sabrosa
Vila Real;Santa Marta de Penaguiao
Vila Real;Valpacos
Vila Real;Vila Pouca de Aguiar
Vila Real;Vila Real
Viseu;Armamar
Viseu;Carregal do Sal
Viseu;Castro Daire
Viseu;Cinfaes
Viseu;Lamego
Viseu;Mangualde
Viseu;Moimenta da Beira
Viseu;Mortagua
Viseu;Nelas
Viseu;Oliveira de Frades
Viseu;Penalva do Castelo
Viseu;Penedono
Viseu;Resende
Viseu;Santa Comba Dao
Viseu;Sao Joao da Pesqueira
Viseu;Sao Pedro do Sul
Viseu;Satao
Viseu;Sernancelhe
Viseu;Tabuaco
Viseu;Tarouca
Viseu;Tondela
Viseu;Vila Nova de Paiva
Viseu;Viseu
Viseu;Vouzela
Madeira;Calheta (Madeira)
Madeira;Câmara de Lobos
Madeira;Funchal
Madeira;Machico
Madeira;Ponta do Sol
Madeira;Porto Moniz
Madeira;Ribeira Brava
Madeira;Santa Cruz
Madeira;Santana
Madeira;Sao Vicente
Madeira;Porto Santo
Acores;Vila do Porto
Acores;Lagoa (Sao Miguel)
Acores;Nordeste
Acores;Ponta Delgada
Acores;Povoacao
Acores;Ribeira Grande
Acores;Vila Franca do Campo
Acores;Angra do Heroismo
Acores;Praia da Vitoria
Acores;Santa Cruz da Graciosa
Acores;Calheta (Sao Jorge)
Acores;Velas
Acores;Lajes do Pico
Acores;Madalena
Acores;Sao Roque do Pico
Acores;Horta
Acores;Lajes das Flores
Acores;Santa Cruz das Flores
Acores;Corvo
Aveiro;agueda
Aveiro;Albergaria-a-Velha
Aveiro;Anadia
Aveiro;Arouca
Aveiro;Aveiro
Aveiro;Castelo de Paiva
Aveiro;Espinho
Aveiro;Estarreja
Aveiro;Santa Maria da Feira
Aveiro;ilhavo
Aveiro;Mealhada
Aveiro;Murtosa
Aveiro;Oliveira de Azemeis
Aveiro;Oliveira do Bairro
Aveiro;Ovar
Aveiro;Sao Joao da Madeira
Aveiro;Sever do Vouga
Aveiro;Vagos
Aveiro;Vale de Cambra
Beja;Aljustrel
Beja;Almodovar
Beja;Alvito
Beja;Barrancos
Beja;Beja
Beja;Castro Verde
Beja;Cuba
Beja;Ferreira do Alentejo
Beja;Mertola
Beja;Moura
Beja;Odemira
Beja;Ourique
Beja;Serpa
Beja;Vidigueira
